[
    {
        "acc": 1,
        "uid": 4332665848,
        "password": "AMIN_X-WYVBECRZA-FLASH",
        "data": "14075821160",
        "name": "ＬＩＫＥＳㅤ7109"
    },
    {
        "acc": 2,
        "uid": 4332666031,
        "password": "AMIN_X-WXTTCTJGX-FLASH",
        "data": "14075821850",
        "name": "ＬＩＫＥＳㅤ8690"
    },
    {
        "acc": 3,
        "uid": 4332666183,
        "password": "AMIN_X-T6LSCLZ4G-FLASH",
        "data": "14075822829",
        "name": "ＬＩＫＥＳㅤ9913"
    },
    {
        "acc": 4,
        "uid": 4332667449,
        "password": "AMIN_X-3Z3DB3LDF-FLASH",
        "data": "14075829983",
        "name": "ＬＩＫＥＳㅤ8142"
    },
    {
        "acc": 5,
        "uid": 4332676345,
        "password": "AMIN_X-KYCYVD1YP-FLASH",
        "data": "14075880083",
        "name": "ＬＩＫＥＳㅤ5864"
    },
    {
        "acc": 6,
        "uid": 4332676487,
        "password": "AMIN_X-BZYNYNNQH-FLASH",
        "data": "14075880987",
        "name": "ＬＩＫＥＳㅤ9931"
    },
    {
        "acc": 7,
        "uid": 4332676618,
        "password": "AMIN_X-M4TAJ4X57-FLASH",
        "data": "14075881655",
        "name": "ＬＩＫＥＳㅤ436"
    },
    {
        "acc": 8,
        "uid": 4332676785,
        "password": "AMIN_X-LZYUOWB3P-FLASH",
        "data": "14075882677",
        "name": "ＬＩＫＥＳㅤ2612"
    },
    {
        "acc": 9,
        "uid": 4332676928,
        "password": "AMIN_X-WQ5TPE08L-FLASH",
        "data": "14075883481",
        "name": "ＬＩＫＥＳㅤ5961"
    },
    {
        "acc": 10,
        "uid": 4332677091,
        "password": "AMIN_X-XCRX7HXDV-FLASH",
        "data": "14075884320",
        "name": "ＬＩＫＥＳㅤ7485"
    },
    {
        "acc": 11,
        "uid": 4332677242,
        "password": "AMIN_X-DXVJASXV5-FLASH",
        "data": "14075885049",
        "name": "ＬＩＫＥＳㅤ3329"
    },
    {
        "acc": 12,
        "uid": 4332677368,
        "password": "AMIN_X-4XNQQTNAP-FLASH",
        "data": "14075885762",
        "name": "ＬＩＫＥＳㅤ351"
    },
    {
        "acc": 13,
        "uid": 4332677554,
        "password": "AMIN_X-BGSPROZZM-FLASH",
        "data": "14075886912",
        "name": "ＬＩＫＥＳㅤ9055"
    },
    {
        "acc": 14,
        "uid": 4332677692,
        "password": "AMIN_X-SHGNAOX6Y-FLASH",
        "data": "14075887805",
        "name": "ＬＩＫＥＳㅤ8753"
    },
    {
        "acc": 15,
        "uid": 4332677833,
        "password": "AMIN_X-WPZXYA8LA-FLASH",
        "data": "14075888491",
        "name": "ＬＩＫＥＳㅤ6204"
    },
    {
        "acc": 16,
        "uid": 4332677963,
        "password": "AMIN_X-QLV8ER0GX-FLASH",
        "data": "14075889121",
        "name": "ＬＩＫＥＳㅤ3446"
    },
    {
        "acc": 17,
        "uid": 4332678102,
        "password": "AMIN_X-QHDZLHALG-FLASH",
        "data": "14075889889",
        "name": "ＬＩＫＥＳㅤ1024"
    },
    {
        "acc": 18,
        "uid": 4332678235,
        "password": "AMIN_X-GIVY93C5I-FLASH",
        "data": "14075890753",
        "name": "ＬＩＫＥＳㅤ5191"
    },
    {
        "acc": 19,
        "uid": 4332678382,
        "password": "AMIN_X-Z4ZGMPAVA-FLASH",
        "data": "14075891513",
        "name": "ＬＩＫＥＳㅤ9356"
    },
    {
        "acc": 20,
        "uid": 4332678514,
        "password": "AMIN_X-XQVF1AHMG-FLASH",
        "data": "14075892191",
        "name": "ＬＩＫＥＳㅤ3305"
    },
    {
        "acc": 21,
        "uid": 4332678633,
        "password": "AMIN_X-6W0XCX7AY-FLASH",
        "data": "14075892808",
        "name": "ＬＩＫＥＳㅤ9001"
    },
    {
        "acc": 22,
        "uid": 4332678760,
        "password": "AMIN_X-NGQ1PCBDH-FLASH",
        "data": "14075893692",
        "name": "ＬＩＫＥＳㅤ7826"
    },
    {
        "acc": 23,
        "uid": 4332678910,
        "password": "AMIN_X-ONEISETHX-FLASH",
        "data": "14075894408",
        "name": "ＬＩＫＥＳㅤ5334"
    },
    {
        "acc": 24,
        "uid": 4332679689,
        "password": "AMIN_X-L9FVCIO8T-FLASH",
        "data": "14075898779",
        "name": "ＬＩＫＥＳㅤ7544"
    },
    {
        "acc": 25,
        "uid": 4332679932,
        "password": "AMIN_X-AKIUERZI5-FLASH",
        "data": "14075900930",
        "name": "ＬＩＫＥＳㅤ5050"
    },
    {
        "acc": 26,
        "uid": 4332680442,
        "password": "AMIN_X-N4HAFABXU-FLASH",
        "data": "14075902726",
        "name": "ＬＩＫＥＳㅤ5250"
    },
    {
        "acc": 27,
        "uid": 4332680558,
        "password": "AMIN_X-AVOJJCFDM-FLASH",
        "data": "14075903443",
        "name": "ＬＩＫＥＳㅤ8711"
    },
    {
        "acc": 28,
        "uid": 4332680726,
        "password": "AMIN_X-2P7IQXRT5-FLASH",
        "data": "14075904321",
        "name": "ＬＩＫＥＳㅤ6460"
    },
    {
        "acc": 29,
        "uid": 4332680887,
        "password": "AMIN_X-TZIG8ASKJ-FLASH",
        "data": "14075905100",
        "name": "ＬＩＫＥＳㅤ2144"
    },
    {
        "acc": 30,
        "uid": 4332681041,
        "password": "AMIN_X-EDMLVAU6U-FLASH",
        "data": "14075905978",
        "name": "ＬＩＫＥＳㅤ5056"
    },
    {
        "acc": 31,
        "uid": 4332681182,
        "password": "AMIN_X-LKZEJWAQN-FLASH",
        "data": "14075906880",
        "name": "ＬＩＫＥＳㅤ3343"
    },
    {
        "acc": 32,
        "uid": 4332681326,
        "password": "AMIN_X-JTUCI7UXM-FLASH",
        "data": "14075907724",
        "name": "ＬＩＫＥＳㅤ4084"
    },
    {
        "acc": 33,
        "uid": 4332681453,
        "password": "AMIN_X-FJOMSZK0D-FLASH",
        "data": "14075908460",
        "name": "ＬＩＫＥＳㅤ2637"
    },
    {
        "acc": 34,
        "uid": 4332681662,
        "password": "AMIN_X-59IDVGQNM-FLASH",
        "data": "14075909345",
        "name": "ＬＩＫＥＳㅤ431"
    },
    {
        "acc": 35,
        "uid": 4332681824,
        "password": "AMIN_X-SCB02LCDC-FLASH",
        "data": "14075910173",
        "name": "ＬＩＫＥＳㅤ3971"
    },
    {
        "acc": 36,
        "uid": 4332681988,
        "password": "AMIN_X-USIPORYTY-FLASH",
        "data": "14075911266",
        "name": "ＬＩＫＥＳㅤ1017"
    },
    {
        "acc": 37,
        "uid": 4332682145,
        "password": "AMIN_X-DFCQ0RLWT-FLASH",
        "data": "14075911901",
        "name": "ＬＩＫＥＳㅤ4336"
    },
    {
        "acc": 38,
        "uid": 4332682264,
        "password": "AMIN_X-GFH0TA5WC-FLASH",
        "data": "14075912475",
        "name": "ＬＩＫＥＳㅤ4770"
    },
    {
        "acc": 39,
        "uid": 4332682833,
        "password": "AMIN_X-S3CAGAKQC-FLASH",
        "data": "14075915339",
        "name": "ＬＩＫＥＳㅤ9618"
    },
    {
        "acc": 40,
        "uid": 4332723425,
        "password": "AMIN_X-AKKTNGCZ7-FLASH",
        "data": "14076124745",
        "name": "ＬＩＫＥＳㅤ6676"
    },
    {
        "acc": 41,
        "uid": 4332723566,
        "password": "AMIN_X-UW74QIMRH-FLASH",
        "data": "14076125529",
        "name": "ＬＩＫＥＳㅤ2124"
    },
    {
        "acc": 42,
        "uid": 4332723655,
        "password": "AMIN_X-UFFQFSH8Z-FLASH",
        "data": "14076125937",
        "name": "ＬＩＫＥＳㅤ9249"
    },
    {
        "acc": 43,
        "uid": 4332723738,
        "password": "AMIN_X-8K6XXUTTC-FLASH",
        "data": "14076126392",
        "name": "ＬＩＫＥＳㅤ4898"
    },
    {
        "acc": 44,
        "uid": 4332723841,
        "password": "AMIN_X-KXMV5VVCB-FLASH",
        "data": "14076126909",
        "name": "ＬＩＫＥＳㅤ7004"
    },
    {
        "acc": 45,
        "uid": 4332724046,
        "password": "AMIN_X-TCQWREJ5Y-FLASH",
        "data": "14076127605",
        "name": "ＬＩＫＥＳㅤ8092"
    },
    {
        "acc": 46,
        "uid": 4332724411,
        "password": "AMIN_X-CME1JUFYS-FLASH",
        "data": "14076129144",
        "name": "ＬＩＫＥＳㅤ7140"
    },
    {
        "acc": 47,
        "uid": 4332724649,
        "password": "AMIN_X-XFWOMFHRO-FLASH",
        "data": "14076130227",
        "name": "ＬＩＫＥＳㅤ9854"
    },
    {
        "acc": 48,
        "uid": 4332724837,
        "password": "AMIN_X-Q1D4APA4G-FLASH",
        "data": "14076130998",
        "name": "ＬＩＫＥＳㅤ7552"
    },
    {
        "acc": 49,
        "uid": 4332725025,
        "password": "AMIN_X-ZLUOB7G8Z-FLASH",
        "data": "14076131833",
        "name": "ＬＩＫＥＳㅤ6591"
    },
    {
        "acc": 50,
        "uid": 4332725229,
        "password": "AMIN_X-6R1YLYQKF-FLASH",
        "data": "14076132674",
        "name": "ＬＩＫＥＳㅤ6126"
    },
    {
        "acc": 51,
        "uid": 4332725468,
        "password": "AMIN_X-CIEZWJ3OK-FLASH",
        "data": "14076133952",
        "name": "ＬＩＫＥＳㅤ6855"
    },
    {
        "acc": 52,
        "uid": 4332725825,
        "password": "AMIN_X-HBZCVFF7P-FLASH",
        "data": "14076135352",
        "name": "ＬＩＫＥＳㅤ382"
    },
    {
        "acc": 53,
        "uid": 4332726079,
        "password": "AMIN_X-ASRODG4W5-FLASH",
        "data": "14076136685",
        "name": "ＬＩＫＥＳㅤ3587"
    },
    {
        "acc": 54,
        "uid": 4332726307,
        "password": "AMIN_X-LJAIDAQZ0-FLASH",
        "data": "14076137637",
        "name": "ＬＩＫＥＳㅤ7656"
    },
    {
        "acc": 55,
        "uid": 4332726487,
        "password": "AMIN_X-UB9DJF5IB-FLASH",
        "data": "14076138344",
        "name": "ＬＩＫＥＳㅤ2736"
    },
    {
        "acc": 56,
        "uid": 4332726681,
        "password": "AMIN_X-A7QLC1X04-FLASH",
        "data": "14076139678",
        "name": "ＬＩＫＥＳㅤ9690"
    },
    {
        "acc": 57,
        "uid": 4332726918,
        "password": "AMIN_X-GXT4VE3KU-FLASH",
        "data": "14076140587",
        "name": "ＬＩＫＥＳㅤ4308"
    },
    {
        "acc": 58,
        "uid": 4332727288,
        "password": "AMIN_X-1VNWAVMVI-FLASH",
        "data": "14076142513",
        "name": "ＬＩＫＥＳㅤ1648"
    },
    {
        "acc": 59,
        "uid": 4332727555,
        "password": "AMIN_X-MP23U8ASR-FLASH",
        "data": "14076143620",
        "name": "ＬＩＫＥＳㅤ6957"
    },
    {
        "acc": 60,
        "uid": 4332727725,
        "password": "AMIN_X-QDFHLD6CG-FLASH",
        "data": "14076144357",
        "name": "ＬＩＫＥＳㅤ9844"
    },
    {
        "acc": 61,
        "uid": 4332727919,
        "password": "AMIN_X-TCUWJLSVM-FLASH",
        "data": "14076145391",
        "name": "ＬＩＫＥＳㅤ647"
    },
    {
        "acc": 62,
        "uid": 4332728079,
        "password": "AMIN_X-JQ1QIHFB5-FLASH",
        "data": "14076146302",
        "name": "ＬＩＫＥＳㅤ5295"
    },
    {
        "acc": 63,
        "uid": 4332728244,
        "password": "AMIN_X-MBFX4ABIP-FLASH",
        "data": "14076147031",
        "name": "ＬＩＫＥＳㅤ8242"
    },
    {
        "acc": 64,
        "uid": 4332728426,
        "password": "AMIN_X-DEWTDKVST-FLASH",
        "data": "14076148011",
        "name": "ＬＩＫＥＳㅤ4397"
    },
    {
        "acc": 65,
        "uid": 4332728669,
        "password": "AMIN_X-SZOTVPH8J-FLASH",
        "data": "14076149180",
        "name": "ＬＩＫＥＳㅤ2498"
    },
    {
        "acc": 66,
        "uid": 4332734032,
        "password": "AMIN_X-27LVKRM3C-FLASH",
        "data": "14076176263",
        "name": "ＬＩＫＥＳㅤ2270"
    },
    {
        "acc": 67,
        "uid": 4332734167,
        "password": "AMIN_X-PFL1B3V2P-FLASH",
        "data": "14076177160",
        "name": "ＬＩＫＥＳㅤ695"
    },
    {
        "acc": 68,
        "uid": 4332734371,
        "password": "AMIN_X-0ATEGTO46-FLASH",
        "data": "14076178172",
        "name": "ＬＩＫＥＳㅤ546"
    },
    {
        "acc": 69,
        "uid": 4332734508,
        "password": "AMIN_X-UR1FT2I0M-FLASH",
        "data": "14076179427",
        "name": "ＬＩＫＥＳㅤ7686"
    },
    {
        "acc": 70,
        "uid": 4332734770,
        "password": "AMIN_X-71WPIRGI3-FLASH",
        "data": "14076180021",
        "name": "ＬＩＫＥＳㅤ4523"
    },
    {
        "acc": 71,
        "uid": 4332735199,
        "password": "AMIN_X-2XKC44YWE-FLASH",
        "data": "14076182570",
        "name": "ＬＩＫＥＳㅤ5695"
    },
    {
        "acc": 72,
        "uid": 4332735363,
        "password": "AMIN_X-GSRHQPO93-FLASH",
        "data": "14076183312",
        "name": "ＬＩＫＥＳㅤ1510"
    },
    {
        "acc": 73,
        "uid": 4332735542,
        "password": "AMIN_X-JTANSSL5K-FLASH",
        "data": "14076183917",
        "name": "ＬＩＫＥＳㅤ7982"
    },
    {
        "acc": 74,
        "uid": 4332742094,
        "password": "AMIN_X-YIWPKHULZ-FLASH",
        "data": "14076220411",
        "name": "ＬＩＫＥＳㅤ5373"
    },
    {
        "acc": 75,
        "uid": 4332742550,
        "password": "AMIN_X-BXMAVGOMK-FLASH",
        "data": "14076222526",
        "name": "ＬＩＫＥＳㅤ8910"
    },
    {
        "acc": 76,
        "uid": 4332742969,
        "password": "AMIN_X-E5TSFE5GU-FLASH",
        "data": "14076224048",
        "name": "ＬＩＫＥＳㅤ6713"
    },
    {
        "acc": 77,
        "uid": 4332743288,
        "password": "AMIN_X-06C3R5D1K-FLASH",
        "data": "14076226817",
        "name": "ＬＩＫＥＳㅤ4560"
    },
    {
        "acc": 78,
        "uid": 4332743765,
        "password": "AMIN_X-DPWHWTDRK-FLASH",
        "data": "14076227376",
        "name": "ＬＩＫＥＳㅤ8389"
    },
    {
        "acc": 79,
        "uid": 4332743956,
        "password": "AMIN_X-RYSWE82TQ-FLASH",
        "data": "14076228379",
        "name": "ＬＩＫＥＳㅤ9702"
    },
    {
        "acc": 80,
        "uid": 4332744079,
        "password": "AMIN_X-L10LOSQER-FLASH",
        "data": "14076229143",
        "name": "ＬＩＫＥＳㅤ5141"
    },
    {
        "acc": 81,
        "uid": 4332792880,
        "password": "AMIN_X-EUMTE90CU-FLASH",
        "data": "14076471384",
        "name": "ＬＩＫＥＳㅤ4765"
    },
    {
        "acc": 82,
        "uid": 4332792994,
        "password": "AMIN_X-ALR7UAJI8-FLASH",
        "data": "14076471998",
        "name": "ＬＩＫＥＳㅤ3727"
    },
    {
        "acc": 83,
        "uid": 4332793080,
        "password": "AMIN_X-IGVW7PCNE-FLASH",
        "data": "14076472418",
        "name": "ＬＩＫＥＳㅤ7836"
    },
    {
        "acc": 84,
        "uid": 4332793166,
        "password": "AMIN_X-SUPD01LLS-FLASH",
        "data": "14076472926",
        "name": "ＬＩＫＥＳㅤ4128"
    },
    {
        "acc": 85,
        "uid": 4332793247,
        "password": "AMIN_X-YSMLYLYUY-FLASH",
        "data": "14076473400",
        "name": "ＬＩＫＥＳㅤ7941"
    },
    {
        "acc": 86,
        "uid": 4332793434,
        "password": "AMIN_X-CAYP0AUNC-FLASH",
        "data": "14076474120",
        "name": "ＬＩＫＥＳㅤ4531"
    },
    {
        "acc": 87,
        "uid": 4332793604,
        "password": "AMIN_X-HO9GJXM69-FLASH",
        "data": "14076474857",
        "name": "ＬＩＫＥＳㅤ7548"
    },
    {
        "acc": 88,
        "uid": 4332794230,
        "password": "AMIN_X-6DLHOICWO-FLASH",
        "data": "14076478030",
        "name": "ＬＩＫＥＳㅤ4192"
    },
    {
        "acc": 89,
        "uid": 4332794340,
        "password": "AMIN_X-6OCWES0HR-FLASH",
        "data": "14076478731",
        "name": "ＬＩＫＥＳㅤ6020"
    },
    {
        "acc": 90,
        "uid": 4332821218,
        "password": "AMIN_X-MIIS4OR3T-FLASH",
        "data": "14076606783",
        "name": "ＬＩＫＥＳㅤ3801"
    },
    {
        "acc": 91,
        "uid": 4332821309,
        "password": "AMIN_X-ZQX1E3BUF-FLASH",
        "data": "14076607262",
        "name": "ＬＩＫＥＳㅤ7951"
    },
    {
        "acc": 92,
        "uid": 4332821412,
        "password": "AMIN_X-GDZBCQAFR-FLASH",
        "data": "14076607717",
        "name": "ＬＩＫＥＳㅤ7441"
    },
    {
        "acc": 93,
        "uid": 4332821484,
        "password": "AMIN_X-WJTA27LEU-FLASH",
        "data": "14076608098",
        "name": "ＬＩＫＥＳㅤ5406"
    },
    {
        "acc": 94,
        "uid": 4332858662,
        "password": "AMIN_X-8N1TGO5O6-FLASH",
        "data": "14076731696",
        "name": "ＬＩＫＥＳㅤ867"
    },
    {
        "acc": 95,
        "uid": 4332858947,
        "password": "AMIN_X-OBL8FTJ3R-FLASH",
        "data": "14076732046",
        "name": "ＬＩＫＥＳㅤ6530"
    },
    {
        "acc": 96,
        "uid": 4332859160,
        "password": "AMIN_X-YCFWKNMYG-FLASH",
        "data": "14076732370",
        "name": "ＬＩＫＥＳㅤ7360"
    },
    {
        "acc": 97,
        "uid": 4332859372,
        "password": "AMIN_X-26C0IHDI7-FLASH",
        "data": "14076732698",
        "name": "ＬＩＫＥＳㅤ4655"
    },
    {
        "acc": 98,
        "uid": 4332859568,
        "password": "AMIN_X-WH12OI7EX-FLASH",
        "data": "14076733036",
        "name": "ＬＩＫＥＳㅤ2073"
    },
    {
        "acc": 99,
        "uid": 4332859839,
        "password": "AMIN_X-OYSJHVEJJ-FLASH",
        "data": "14076733467",
        "name": "ＬＩＫＥＳㅤ1225"
    },
    {
        "acc": 100,
        "uid": 4332860059,
        "password": "AMIN_X-YPCJOQ0IX-FLASH",
        "data": "14076733936",
        "name": "ＬＩＫＥＳㅤ1906"
    },
    {
        "acc": 101,
        "uid": 4332860393,
        "password": "AMIN_X-IZNZTYB6A-FLASH",
        "data": "14076734328",
        "name": "ＬＩＫＥＳㅤ2556"
    },
    {
        "acc": 102,
        "uid": 4332860693,
        "password": "AMIN_X-MAFDCF3JY-FLASH",
        "data": "14076734731",
        "name": "ＬＩＫＥＳㅤ5035"
    },
    {
        "acc": 103,
        "uid": 4332895305,
        "password": "AMIN_X-FOQ3YOELN-FLASH",
        "data": "14076788037",
        "name": "ＬＩＫＥＳㅤ811"
    },
    {
        "acc": 104,
        "uid": 4332895380,
        "password": "AMIN_X-Y3SJJBORR-FLASH",
        "data": "14076788376",
        "name": "ＬＩＫＥＳㅤ3193"
    },
    {
        "acc": 105,
        "uid": 4332895445,
        "password": "AMIN_X-V5ASDUZUH-FLASH",
        "data": "14076788635",
        "name": "ＬＩＫＥＳㅤ7987"
    },
    {
        "acc": 106,
        "uid": 4332895511,
        "password": "AMIN_X-BEDJ4T9TJ-FLASH",
        "data": "14076788943",
        "name": "ＬＩＫＥＳㅤ2434"
    },
    {
        "acc": 107,
        "uid": 4332895592,
        "password": "AMIN_X-VFYNQVA7X-FLASH",
        "data": "14076789229",
        "name": "ＬＩＫＥＳㅤ6821"
    },
    {
        "acc": 108,
        "uid": 4332895682,
        "password": "AMIN_X-V2NKU5DBX-FLASH",
        "data": "14076789529",
        "name": "ＬＩＫＥＳㅤ2204"
    },
    {
        "acc": 109,
        "uid": 4332895734,
        "password": "AMIN_X-L3PYY7QGY-FLASH",
        "data": "14076789796",
        "name": "ＬＩＫＥＳㅤ5945"
    },
    {
        "acc": 110,
        "uid": 4332896480,
        "password": "AMIN_X-CMRVZSALP-FLASH",
        "data": "14076793806",
        "name": "ＬＩＫＥＳㅤ5107"
    },
    {
        "acc": 111,
        "uid": 4332896559,
        "password": "AMIN_X-3H9WHI8NC-FLASH",
        "data": "14076794082",
        "name": "ＬＩＫＥＳㅤ9195"
    },
    {
        "acc": 112,
        "uid": 4332896633,
        "password": "AMIN_X-CVSXTLGMC-FLASH",
        "data": "14076794364",
        "name": "ＬＩＫＥＳㅤ8284"
    },
    {
        "acc": 113,
        "uid": 4332896672,
        "password": "AMIN_X-3FAZXWNPZ-FLASH",
        "data": "14076794662",
        "name": "ＬＩＫＥＳㅤ2751"
    },
    {
        "acc": 114,
        "uid": 4332896726,
        "password": "AMIN_X-EWKCRXJRP-FLASH",
        "data": "14076794994",
        "name": "ＬＩＫＥＳㅤ7766"
    },
    {
        "acc": 115,
        "uid": 4332896808,
        "password": "AMIN_X-BKPCACMRA-FLASH",
        "data": "14076795452",
        "name": "ＬＩＫＥＳㅤ5575"
    },
    {
        "acc": 116,
        "uid": 4332896885,
        "password": "AMIN_X-K51V84W2O-FLASH",
        "data": "14076796050",
        "name": "ＬＩＫＥＳㅤ1715"
    },
    {
        "acc": 117,
        "uid": 4332896997,
        "password": "AMIN_X-S4WGNEECV-FLASH",
        "data": "14076796469",
        "name": "ＬＩＫＥＳㅤ851"
    },
    {
        "acc": 118,
        "uid": 4332897068,
        "password": "AMIN_X-PKNLIQ26A-FLASH",
        "data": "14076796809",
        "name": "ＬＩＫＥＳㅤ6866"
    },
    {
        "acc": 119,
        "uid": 4332897183,
        "password": "AMIN_X-PXLCEVKRW-FLASH",
        "data": "14076797175",
        "name": "ＬＩＫＥＳㅤ3381"
    },
    {
        "acc": 120,
        "uid": 4332897520,
        "password": "AMIN_X-FSUPCPINM-FLASH",
        "data": "14076798833",
        "name": "ＬＩＫＥＳㅤ2146"
    },
    {
        "acc": 121,
        "uid": 4332897631,
        "password": "AMIN_X-8K86DB6RX-FLASH",
        "data": "14076799333",
        "name": "ＬＩＫＥＳㅤ2378"
    },
    {
        "acc": 122,
        "uid": 4332897698,
        "password": "AMIN_X-1OBOP6YYV-FLASH",
        "data": "14076799667",
        "name": "ＬＩＫＥＳㅤ3022"
    },
    {
        "acc": 123,
        "uid": 4332897750,
        "password": "AMIN_X-JAAGAJ9M5-FLASH",
        "data": "14076799994",
        "name": "ＬＩＫＥＳㅤ7914"
    },
    {
        "acc": 124,
        "uid": 4332897805,
        "password": "AMIN_X-VXCVFSJSA-FLASH",
        "data": "14076800320",
        "name": "ＬＩＫＥＳㅤ7537"
    },
    {
        "acc": 125,
        "uid": 4332897901,
        "password": "AMIN_X-KP2AFMPRT-FLASH",
        "data": "14076800683",
        "name": "ＬＩＫＥＳㅤ1131"
    },
    {
        "acc": 126,
        "uid": 4332898357,
        "password": "AMIN_X-M5VJFYJXI-FLASH",
        "data": "14076802620",
        "name": "ＬＩＫＥＳㅤ5463"
    },
    {
        "acc": 127,
        "uid": 4332898407,
        "password": "AMIN_X-1SM7B1RW6-FLASH",
        "data": "14076802924",
        "name": "ＬＩＫＥＳㅤ2452"
    },
    {
        "acc": 128,
        "uid": 4333889028,
        "password": "AMIN_X-0XSVHTBWP-FLASH",
        "data": "14081917197",
        "name": "ＬＩＫＥＳㅤ7904"
    },
    {
        "acc": 129,
        "uid": 4333889861,
        "password": "AMIN_X-0YP9I5CPU-FLASH",
        "data": "14081921928",
        "name": "ＬＩＫＥＳㅤ5913"
    },
    {
        "acc": 130,
        "uid": 4333948567,
        "password": "AMIN_X-36VKES8GF-FLASH",
        "data": "14082234544",
        "name": "ＬＩＫＥＳㅤ9744"
    },
    {
        "acc": 131,
        "uid": 4333948824,
        "password": "AMIN_X-O87T3TMD0-FLASH",
        "data": "14082236059",
        "name": "ＬＩＫＥＳㅤ4231"
    },
    {
        "acc": 132,
        "uid": 4333949054,
        "password": "AMIN_X-KKAWUMANL-FLASH",
        "data": "14082237262",
        "name": "ＬＩＫＥＳㅤ3138"
    },
    {
        "acc": 133,
        "uid": 4333949283,
        "password": "AMIN_X-9K885GHY9-FLASH",
        "data": "14082238582",
        "name": "ＬＩＫＥＳㅤ2490"
    },
    {
        "acc": 134,
        "uid": 4333949548,
        "password": "AMIN_X-BWCNFCC1R-FLASH",
        "data": "14082239907",
        "name": "ＬＩＫＥＳㅤ3444"
    },
    {
        "acc": 135,
        "uid": 4333949787,
        "password": "AMIN_X-ENCEYHZOF-FLASH",
        "data": "14082241103",
        "name": "ＬＩＫＥＳㅤ8422"
    },
    {
        "acc": 136,
        "uid": 4333949978,
        "password": "AMIN_X-YTROGD47U-FLASH",
        "data": "14082242109",
        "name": "ＬＩＫＥＳㅤ8877"
    },
    {
        "acc": 137,
        "uid": 4333950173,
        "password": "AMIN_X-CCS1R6MI6-FLASH",
        "data": "14082243060",
        "name": "ＬＩＫＥＳㅤ9520"
    },
    {
        "acc": 138,
        "uid": 4333950466,
        "password": "AMIN_X-6NH2YYPTW-FLASH",
        "data": "14082244657",
        "name": "ＬＩＫＥＳㅤ1951"
    },
    {
        "acc": 139,
        "uid": 4333950739,
        "password": "AMIN_X-49DIWMMEC-FLASH",
        "data": "14082246131",
        "name": "ＬＩＫＥＳㅤ8433"
    },
    {
        "acc": 140,
        "uid": 4333950994,
        "password": "AMIN_X-PA1TADKGR-FLASH",
        "data": "14082247482",
        "name": "ＬＩＫＥＳㅤ948"
    },
    {
        "acc": 141,
        "uid": 4333951444,
        "password": "AMIN_X-7CO2RLS4Y-FLASH",
        "data": "14082249946",
        "name": "ＬＩＫＥＳㅤ4142"
    },
    {
        "acc": 142,
        "uid": 4333951651,
        "password": "AMIN_X-J5ZVYIZ4M-FLASH",
        "data": "14082251129",
        "name": "ＬＩＫＥＳㅤ9197"
    },
    {
        "acc": 143,
        "uid": 4333951844,
        "password": "AMIN_X-DQFCRL94E-FLASH",
        "data": "14082252160",
        "name": "ＬＩＫＥＳㅤ619"
    },
    {
        "acc": 144,
        "uid": 4333952045,
        "password": "AMIN_X-FPWDSW4RM-FLASH",
        "data": "14082253451",
        "name": "ＬＩＫＥＳㅤ9550"
    },
    {
        "acc": 145,
        "uid": 4333952501,
        "password": "AMIN_X-Q5IGQZKOD-FLASH",
        "data": "14082255676",
        "name": "ＬＩＫＥＳㅤ9366"
    },
    {
        "acc": 146,
        "uid": 4333952713,
        "password": "AMIN_X-LQ7ZMZUSB-FLASH",
        "data": "14082256806",
        "name": "ＬＩＫＥＳㅤ3809"
    },
    {
        "acc": 147,
        "uid": 4333952906,
        "password": "AMIN_X-QPYHX2LDJ-FLASH",
        "data": "14082257845",
        "name": "ＬＩＫＥＳㅤ1297"
    },
    {
        "acc": 148,
        "uid": 4333955816,
        "password": "AMIN_X-MGTK6YEJH-FLASH",
        "data": "14082273291",
        "name": "ＬＩＫＥＳㅤ5088"
    },
    {
        "acc": 149,
        "uid": 4333956011,
        "password": "AMIN_X-NZ2XM89SD-FLASH",
        "data": "14082274307",
        "name": "ＬＩＫＥＳㅤ8525"
    },
    {
        "acc": 150,
        "uid": 4333956168,
        "password": "AMIN_X-8MATLEQOP-FLASH",
        "data": "14082275396",
        "name": "ＬＩＫＥＳㅤ1417"
    },
    {
        "acc": 151,
        "uid": 4333956324,
        "password": "AMIN_X-52S0XFJ5L-FLASH",
        "data": "14082276489",
        "name": "ＬＩＫＥＳㅤ3817"
    },
    {
        "acc": 152,
        "uid": 4333956567,
        "password": "AMIN_X-NSFYXLPRJ-FLASH",
        "data": "14082277649",
        "name": "ＬＩＫＥＳㅤ1181"
    },
    {
        "acc": 153,
        "uid": 4333956753,
        "password": "AMIN_X-AFRZCLJL4-FLASH",
        "data": "14082278699",
        "name": "ＬＩＫＥＳㅤ7379"
    },
    {
        "acc": 154,
        "uid": 4333956964,
        "password": "AMIN_X-DXANK5LQZ-FLASH",
        "data": "14082279807",
        "name": "ＬＩＫＥＳㅤ5800"
    },
    {
        "acc": 155,
        "uid": 4333957180,
        "password": "AMIN_X-YVYVDYMRZ-FLASH",
        "data": "14082280896",
        "name": "ＬＩＫＥＳㅤ3416"
    },
    {
        "acc": 156,
        "uid": 4333957378,
        "password": "AMIN_X-VH4V6CYLE-FLASH",
        "data": "14082282013",
        "name": "ＬＩＫＥＳㅤ1263"
    },
    {
        "acc": 157,
        "uid": 4333957569,
        "password": "AMIN_X-Z0D36EQ1R-FLASH",
        "data": "14082283177",
        "name": "ＬＩＫＥＳㅤ4623"
    },
    {
        "acc": 158,
        "uid": 4333957788,
        "password": "AMIN_X-Q2KTGJPN1-FLASH",
        "data": "14082284347",
        "name": "ＬＩＫＥＳㅤ5606"
    },
    {
        "acc": 159,
        "uid": 4333958041,
        "password": "AMIN_X-R2MGS8TD1-FLASH",
        "data": "14082285389",
        "name": "ＬＩＫＥＳㅤ9848"
    },
    {
        "acc": 160,
        "uid": 4333958234,
        "password": "AMIN_X-ZAO0RPA0Q-FLASH",
        "data": "14082286503",
        "name": "ＬＩＫＥＳㅤ7168"
    },
    {
        "acc": 161,
        "uid": 4333958433,
        "password": "AMIN_X-WOEHP9TW2-FLASH",
        "data": "14082287631",
        "name": "ＬＩＫＥＳㅤ7925"
    },
    {
        "acc": 162,
        "uid": 4333958600,
        "password": "AMIN_X-UVJ9PLFCR-FLASH",
        "data": "14082288626",
        "name": "ＬＩＫＥＳㅤ7835"
    },
    {
        "acc": 163,
        "uid": 4333958804,
        "password": "AMIN_X-3ZM92AJLC-FLASH",
        "data": "14082289918",
        "name": "ＬＩＫＥＳㅤ8205"
    },
    {
        "acc": 164,
        "uid": 4333959005,
        "password": "AMIN_X-4KVIVFUFQ-FLASH",
        "data": "14082291130",
        "name": "ＬＩＫＥＳㅤ3766"
    },
    {
        "acc": 165,
        "uid": 4333959270,
        "password": "AMIN_X-EUTT2TCPG-FLASH",
        "data": "14082292501",
        "name": "ＬＩＫＥＳㅤ5641"
    },
    {
        "acc": 166,
        "uid": 4333959522,
        "password": "AMIN_X-XFSRJN3Y6-FLASH",
        "data": "14082293640",
        "name": "ＬＩＫＥＳㅤ3008"
    },
    {
        "acc": 167,
        "uid": 4333959743,
        "password": "AMIN_X-UU59CM2XC-FLASH",
        "data": "14082295009",
        "name": "ＬＩＫＥＳㅤ6677"
    },
    {
        "acc": 168,
        "uid": 4333960021,
        "password": "AMIN_X-EGPL54R4H-FLASH",
        "data": "14082296529",
        "name": "ＬＩＫＥＳㅤ3440"
    },
    {
        "acc": 169,
        "uid": 4333960436,
        "password": "AMIN_X-OAN1DF5RY-FLASH",
        "data": "14082298798",
        "name": "ＬＩＫＥＳㅤ5552"
    },
    {
        "acc": 170,
        "uid": 4333960654,
        "password": "AMIN_X-RP7CRUD1L-FLASH",
        "data": "14082299928",
        "name": "ＬＩＫＥＳㅤ4584"
    },
    {
        "acc": 171,
        "uid": 4333960942,
        "password": "AMIN_X-VDILZRFJK-FLASH",
        "data": "14082301192",
        "name": "ＬＩＫＥＳㅤ4436"
    },
    {
        "acc": 172,
        "uid": 4333961156,
        "password": "AMIN_X-O9PRPNBFR-FLASH",
        "data": "14082302401",
        "name": "ＬＩＫＥＳㅤ7317"
    },
    {
        "acc": 173,
        "uid": 4333961361,
        "password": "AMIN_X-IIIL9WDTI-FLASH",
        "data": "14082303721",
        "name": "ＬＩＫＥＳㅤ9813"
    },
    {
        "acc": 174,
        "uid": 4333961550,
        "password": "AMIN_X-EVLV1DVBL-FLASH",
        "data": "14082304920",
        "name": "ＬＩＫＥＳㅤ3910"
    },
    {
        "acc": 175,
        "uid": 4333961756,
        "password": "AMIN_X-OZASLL2PW-FLASH",
        "data": "14082306057",
        "name": "ＬＩＫＥＳㅤ4137"
    },
    {
        "acc": 176,
        "uid": 4333961971,
        "password": "AMIN_X-ORAWD2PCB-FLASH",
        "data": "14082307380",
        "name": "ＬＩＫＥＳㅤ4090"
    },
    {
        "acc": 177,
        "uid": 4333962213,
        "password": "AMIN_X-NIBR0KPZK-FLASH",
        "data": "14082308609",
        "name": "ＬＩＫＥＳㅤ3566"
    },
    {
        "acc": 178,
        "uid": 4333962420,
        "password": "AMIN_X-NNDHKAM7I-FLASH",
        "data": "14082309850",
        "name": "ＬＩＫＥＳㅤ9962"
    },
    {
        "acc": 179,
        "uid": 4333962608,
        "password": "AMIN_X-95GIXY53T-FLASH",
        "data": "14082311157",
        "name": "ＬＩＫＥＳㅤ9797"
    },
    {
        "acc": 180,
        "uid": 4333962816,
        "password": "AMIN_X-GZHWD3VNZ-FLASH",
        "data": "14082312428",
        "name": "ＬＩＫＥＳㅤ1517"
    },
    {
        "acc": 181,
        "uid": 4333963025,
        "password": "AMIN_X-WOMNYAEWG-FLASH",
        "data": "14082313649",
        "name": "ＬＩＫＥＳㅤ4266"
    },
    {
        "acc": 182,
        "uid": 4333963210,
        "password": "AMIN_X-SAO0VL0RC-FLASH",
        "data": "14082314799",
        "name": "ＬＩＫＥＳㅤ4882"
    },
    {
        "acc": 183,
        "uid": 4333963438,
        "password": "AMIN_X-MRQFFFHI5-FLASH",
        "data": "14082315966",
        "name": "ＬＩＫＥＳㅤ6466"
    },
    {
        "acc": 184,
        "uid": 4333963716,
        "password": "AMIN_X-S8B1WZOQV-FLASH",
        "data": "14082317236",
        "name": "ＬＩＫＥＳㅤ6546"
    },
    {
        "acc": 185,
        "uid": 4333963928,
        "password": "AMIN_X-IF9WDL3S4-FLASH",
        "data": "14082318328",
        "name": "ＬＩＫＥＳㅤ1663"
    },
    {
        "acc": 186,
        "uid": 4333964118,
        "password": "AMIN_X-TWWTDIWHD-FLASH",
        "data": "14082319439",
        "name": "ＬＩＫＥＳㅤ3945"
    },
    {
        "acc": 187,
        "uid": 4333964302,
        "password": "AMIN_X-J5SBD9AD0-FLASH",
        "data": "14082320616",
        "name": "ＬＩＫＥＳㅤ3461"
    },
    {
        "acc": 188,
        "uid": 4333964484,
        "password": "AMIN_X-A7PYYMJBX-FLASH",
        "data": "14082321617",
        "name": "ＬＩＫＥＳㅤ2925"
    },
    {
        "acc": 189,
        "uid": 4333964705,
        "password": "AMIN_X-BQDXZBTZP-FLASH",
        "data": "14082322899",
        "name": "ＬＩＫＥＳㅤ1378"
    },
    {
        "acc": 190,
        "uid": 4333964970,
        "password": "AMIN_X-WZYR4M0J7-FLASH",
        "data": "14082324027",
        "name": "ＬＩＫＥＳㅤ4373"
    },
    {
        "acc": 191,
        "uid": 4333965211,
        "password": "AMIN_X-JANQCFHDR-FLASH",
        "data": "14082325428",
        "name": "ＬＩＫＥＳㅤ6483"
    },
    {
        "acc": 192,
        "uid": 4333965456,
        "password": "AMIN_X-BJOWTKHEU-FLASH",
        "data": "14082326901",
        "name": "ＬＩＫＥＳㅤ8678"
    },
    {
        "acc": 193,
        "uid": 4333965649,
        "password": "AMIN_X-CXQRZT72S-FLASH",
        "data": "14082328113",
        "name": "ＬＩＫＥＳㅤ2359"
    },
    {
        "acc": 194,
        "uid": 4333965873,
        "password": "AMIN_X-FV6LBWR6M-FLASH",
        "data": "14082329395",
        "name": "ＬＩＫＥＳㅤ4537"
    },
    {
        "acc": 195,
        "uid": 4333966106,
        "password": "AMIN_X-ODAO9FVMH-FLASH",
        "data": "14082330900",
        "name": "ＬＩＫＥＳㅤ4913"
    },
    {
        "acc": 196,
        "uid": 4333966371,
        "password": "AMIN_X-A8LEU1NZX-FLASH",
        "data": "14082331958",
        "name": "ＬＩＫＥＳㅤ1238"
    },
    {
        "acc": 197,
        "uid": 4333966568,
        "password": "AMIN_X-WQMVFQJBM-FLASH",
        "data": "14082333003",
        "name": "ＬＩＫＥＳㅤ6211"
    },
    {
        "acc": 198,
        "uid": 4333966786,
        "password": "AMIN_X-SNLMJOVXI-FLASH",
        "data": "14082334322",
        "name": "ＬＩＫＥＳㅤ3069"
    },
    {
        "acc": 199,
        "uid": 4333967002,
        "password": "AMIN_X-WSIDMSSUJ-FLASH",
        "data": "14082335666",
        "name": "ＬＩＫＥＳㅤ4621"
    },
    {
        "acc": 200,
        "uid": 4333967238,
        "password": "AMIN_X-5X9REHFRC-FLASH",
        "data": "14082336982",
        "name": "ＬＩＫＥＳㅤ8472"
    },
    {
        "acc": 201,
        "uid": 4333967495,
        "password": "AMIN_X-4AOW8TPDV-FLASH",
        "data": "14082338397",
        "name": "ＬＩＫＥＳㅤ6379"
    },
    {
        "acc": 202,
        "uid": 4333968597,
        "password": "AMIN_X-RHVLYHB8U-FLASH",
        "data": "14082344791",
        "name": "ＬＩＫＥＳㅤ333"
    },
    {
        "acc": 203,
        "uid": 4333970671,
        "password": "AMIN_X-MYOJJOBOI-FLASH",
        "data": "14082355890",
        "name": "ＬＩＫＥＳㅤ8689"
    },
    {
        "acc": 204,
        "uid": 4333970957,
        "password": "AMIN_X-PFSU22DOE-FLASH",
        "data": "14082357543",
        "name": "ＬＩＫＥＳㅤ3192"
    },
    {
        "acc": 205,
        "uid": 4333971246,
        "password": "AMIN_X-6VA9LWH54-FLASH",
        "data": "14082359220",
        "name": "ＬＩＫＥＳㅤ2817"
    },
    {
        "acc": 206,
        "uid": 4333971496,
        "password": "AMIN_X-00PHZLKLX-FLASH",
        "data": "14082360434",
        "name": "ＬＩＫＥＳㅤ3940"
    },
    {
        "acc": 207,
        "uid": 4333971792,
        "password": "AMIN_X-AMGYTCOYD-FLASH",
        "data": "14082361971",
        "name": "ＬＩＫＥＳㅤ7152"
    },
    {
        "acc": 208,
        "uid": 4333972062,
        "password": "AMIN_X-HB1UAATOG-FLASH",
        "data": "14082363138",
        "name": "ＬＩＫＥＳㅤ2656"
    },
    {
        "acc": 209,
        "uid": 4333972343,
        "password": "AMIN_X-SCTKACSEZ-FLASH",
        "data": "14082364732",
        "name": "ＬＩＫＥＳㅤ5846"
    },
    {
        "acc": 210,
        "uid": 4333972559,
        "password": "AMIN_X-2MMSO8BE6-FLASH",
        "data": "14082365943",
        "name": "ＬＩＫＥＳㅤ994"
    },
    {
        "acc": 211,
        "uid": 4333972863,
        "password": "AMIN_X-CLQBVCLQK-FLASH",
        "data": "14082367870",
        "name": "ＬＩＫＥＳㅤ2743"
    },
    {
        "acc": 212,
        "uid": 4333973157,
        "password": "AMIN_X-EVJQCCLWJ-FLASH",
        "data": "14082369491",
        "name": "ＬＩＫＥＳㅤ8446"
    },
    {
        "acc": 213,
        "uid": 4333973421,
        "password": "AMIN_X-VSLNC4XO5-FLASH",
        "data": "14082371165",
        "name": "ＬＩＫＥＳㅤ9152"
    },
    {
        "acc": 214,
        "uid": 4333973695,
        "password": "AMIN_X-QV52PJPFD-FLASH",
        "data": "14082372635",
        "name": "ＬＩＫＥＳㅤ7597"
    },
    {
        "acc": 215,
        "uid": 4333973875,
        "password": "AMIN_X-VQKT3LF5C-FLASH",
        "data": "14082373913",
        "name": "ＬＩＫＥＳㅤ2704"
    },
    {
        "acc": 216,
        "uid": 4333974071,
        "password": "AMIN_X-EGN7LFJMJ-FLASH",
        "data": "14082375037",
        "name": "ＬＩＫＥＳㅤ1654"
    },
    {
        "acc": 217,
        "uid": 4333974283,
        "password": "AMIN_X-TPYWN3UML-FLASH",
        "data": "14082376262",
        "name": "ＬＩＫＥＳㅤ1667"
    },
    {
        "acc": 218,
        "uid": 4333974552,
        "password": "AMIN_X-OPAAIVNDL-FLASH",
        "data": "14082377492",
        "name": "ＬＩＫＥＳㅤ8883"
    },
    {
        "acc": 219,
        "uid": 4333974849,
        "password": "AMIN_X-B5TXOJGQD-FLASH",
        "data": "14082379199",
        "name": "ＬＩＫＥＳㅤ5039"
    },
    {
        "acc": 220,
        "uid": 4333975135,
        "password": "AMIN_X-S62EFHSA7-FLASH",
        "data": "14082380864",
        "name": "ＬＩＫＥＳㅤ4892"
    },
    {
        "acc": 221,
        "uid": 4333975335,
        "password": "AMIN_X-SFMO5HPUI-FLASH",
        "data": "14082382188",
        "name": "ＬＩＫＥＳㅤ1547"
    },
    {
        "acc": 222,
        "uid": 4333975576,
        "password": "AMIN_X-S3MDI4ZOE-FLASH",
        "data": "14082383405",
        "name": "ＬＩＫＥＳㅤ6155"
    },
    {
        "acc": 223,
        "uid": 4333975828,
        "password": "AMIN_X-IQOERR1BQ-FLASH",
        "data": "14082384666",
        "name": "ＬＩＫＥＳㅤ6340"
    },
    {
        "acc": 224,
        "uid": 4333976090,
        "password": "AMIN_X-DXIWOKFD9-FLASH",
        "data": "14082385846",
        "name": "ＬＩＫＥＳㅤ1196"
    },
    {
        "acc": 225,
        "uid": 4333976324,
        "password": "AMIN_X-QRTWVFKAG-FLASH",
        "data": "14082387155",
        "name": "ＬＩＫＥＳㅤ581"
    },
    {
        "acc": 226,
        "uid": 4333976588,
        "password": "AMIN_X-PSC8WJX0G-FLASH",
        "data": "14082388604",
        "name": "ＬＩＫＥＳㅤ3777"
    },
    {
        "acc": 227,
        "uid": 4333976846,
        "password": "AMIN_X-MOYB91NZ5-FLASH",
        "data": "14082390382",
        "name": "ＬＩＫＥＳㅤ1891"
    },
    {
        "acc": 228,
        "uid": 4333977153,
        "password": "AMIN_X-D4HDVT31Z-FLASH",
        "data": "14082391769",
        "name": "ＬＩＫＥＳㅤ3902"
    },
    {
        "acc": 229,
        "uid": 4333977458,
        "password": "AMIN_X-LUNG95JKX-FLASH",
        "data": "14082393300",
        "name": "ＬＩＫＥＳㅤ920"
    },
    {
        "acc": 230,
        "uid": 4333977734,
        "password": "AMIN_X-JBBUYUYAF-FLASH",
        "data": "14082394927",
        "name": "ＬＩＫＥＳㅤ9371"
    },
    {
        "acc": 231,
        "uid": 4333978018,
        "password": "AMIN_X-AJBETTJUH-FLASH",
        "data": "14082396467",
        "name": "ＬＩＫＥＳㅤ1901"
    },
    {
        "acc": 232,
        "uid": 4333978275,
        "password": "AMIN_X-BI0I7DMZQ-FLASH",
        "data": "14082397761",
        "name": "ＬＩＫＥＳㅤ3326"
    },
    {
        "acc": 233,
        "uid": 4333978670,
        "password": "AMIN_X-YIUZE80SU-FLASH",
        "data": "14082399798",
        "name": "ＬＩＫＥＳㅤ9657"
    },
    {
        "acc": 234,
        "uid": 4333979007,
        "password": "AMIN_X-XLXHAEHBU-FLASH",
        "data": "14082401515",
        "name": "ＬＩＫＥＳㅤ3346"
    },
    {
        "acc": 235,
        "uid": 4333979279,
        "password": "AMIN_X-UNVKQXSDZ-FLASH",
        "data": "14082403063",
        "name": "ＬＩＫＥＳㅤ9930"
    },
    {
        "acc": 236,
        "uid": 4333979531,
        "password": "AMIN_X-BRSJ36XIW-FLASH",
        "data": "14082404875",
        "name": "ＬＩＫＥＳㅤ489"
    },
    {
        "acc": 237,
        "uid": 4333979830,
        "password": "AMIN_X-JK1XHGBTY-FLASH",
        "data": "14082406646",
        "name": "ＬＩＫＥＳㅤ5946"
    },
    {
        "acc": 238,
        "uid": 4333980128,
        "password": "AMIN_X-HUNT3NUWE-FLASH",
        "data": "14082408168",
        "name": "ＬＩＫＥＳㅤ1772"
    },
    {
        "acc": 239,
        "uid": 4333980450,
        "password": "AMIN_X-91K7XG6XM-FLASH",
        "data": "14082409655",
        "name": "ＬＩＫＥＳㅤ6748"
    },
    {
        "acc": 240,
        "uid": 4333980713,
        "password": "AMIN_X-XLOKENDO6-FLASH",
        "data": "14082411152",
        "name": "ＬＩＫＥＳㅤ9391"
    },
    {
        "acc": 241,
        "uid": 4333980972,
        "password": "AMIN_X-NK3KUKPDV-FLASH",
        "data": "14082412701",
        "name": "ＬＩＫＥＳㅤ7381"
    },
    {
        "acc": 242,
        "uid": 4333981233,
        "password": "AMIN_X-DO5DMD6TM-FLASH",
        "data": "14082414257",
        "name": "ＬＩＫＥＳㅤ385"
    },
    {
        "acc": 243,
        "uid": 4333981576,
        "password": "AMIN_X-TDUMNUCX1-FLASH",
        "data": "14082416357",
        "name": "ＬＩＫＥＳㅤ4341"
    },
    {
        "acc": 244,
        "uid": 4333981857,
        "password": "AMIN_X-LWZ1FQN0S-FLASH",
        "data": "14082417934",
        "name": "ＬＩＫＥＳㅤ1659"
    },
    {
        "acc": 245,
        "uid": 4333982109,
        "password": "AMIN_X-F7NMXOVPD-FLASH",
        "data": "14082419336",
        "name": "ＬＩＫＥＳㅤ4378"
    },
    {
        "acc": 246,
        "uid": 4333982391,
        "password": "AMIN_X-FFILYZ62S-FLASH",
        "data": "14082421143",
        "name": "ＬＩＫＥＳㅤ8152"
    },
    {
        "acc": 247,
        "uid": 4333982987,
        "password": "AMIN_X-GWLNALYDU-FLASH",
        "data": "14082423780",
        "name": "ＬＩＫＥＳㅤ1454"
    },
    {
        "acc": 248,
        "uid": 4346252010,
        "password": "AMIN_X-LK8CTLGIP-TEAM",
        "data": "14143900779",
        "name": "ＬＩＫＥＳㅤ1854"
    },
    {
        "acc": 249,
        "uid": 4346252134,
        "password": "AMIN_X-WDCMDJCMG-TEAM",
        "data": "14143901477",
        "name": "ＬＩＫＥＳㅤ7437"
    },
    {
        "acc": 250,
        "uid": 4346325053,
        "password": "AMIN_X-VAJDWGJQ3-TEAM",
        "data": "14144191918",
        "name": "ＬＩＫＥＳㅤ2776"
    }
]